<?xml version="1.0" encoding="UTF-8"?>
<!DOCTYPE mapper PUBLIC "-//mybatis.org//DTD Mapper 3.0//EN"
 "http://mybatis.org/dtd/mybatis-3-mapper.dtd">

<mapper namespace="spring.readinglog.repository.UserMapper">
	<resultMap type="spring.readinglog.domain.user.model.User" id="user">
		<id column="id" property="id" />
		<result column="user" property="user" />
		<result column="pass" property="pass" />
		<result column="student_number" property="studentNumber" />
		<result column="name" property="name" />
		<result column="authority" property="authority" />
	</resultMap>
	
	<select id="findLoginUser" parameterType="String" resultMap="user">
		select
		*
		from
		users
		where user = #{user}
	</select>
	
	<select id="findPasswordByName" parameterType="String" resultType="String">
		select
		pass
		from
		users
		where user = #{user}
	</select>
	
	<update id="updatePass">
		update
		users
		set
		pass = #{pass}
		where user = #{user}
	</update>
</mapper>